Race,GPA,SAT-Score,Extra-Curriculars,Legacy-Status,Admitted
White,3.5429395922386004,1567,1,0,1
Black,3.9222512425121723,1579,0,0,1
White,2.6835962576984542,1147,3,0,1
White,3.152056723288179,1349,3,0,1
White,3.3221522678967323,1303,2,0,1
Hispanic,3.1188116463452977,1413,0,0,1
Black,2.8107035823088733,1172,1,0,0
White,2.6398946118610302,1166,2,0,0
White,3.571208115403897,1532,1,0,1
Black,3.431158820284499,1366,1,0,1
White,3.6936805797767303,1600,2,0,1
Hispanic,2.8388603733233913,1207,2,0,0
White,2.9813531840430643,1290,0,0,1
White,3.8956622535447636,1488,2,0,1
Hispanic,3.565211513347067,1549,2,0,1
White,3.5146488055108573,1511,1,0,1
White,3.450710077329016,1409,3,0,1
White,2.4240276006815087,1115,2,0,0
White,3.6614731107653062,1595,4,0,1
Hispanic,2.5157642105334936,1188,1,0,0
Hispanic,2.9305740050215103,1305,3,1,1
Asian,3.3281157332561326,1460,0,0,1
White,3.275620191453448,1417,2,0,1
Asian,3.024208824138756,1320,0,0,1
White,3.1906072301534127,1372,1,0,1
Black,3.158307983959998,1200,1,0,1
White,3.418957587620942,1370,2,0,1
Hispanic,3.391422596011907,1187,4,0,1
White,3.2668311627708544,1437,3,0,1
White,3.3855697743181716,1369,2,0,1
White,3.3090488125322692,1481,1,0,1
White,3.321437227419429,1251,3,0,1
White,3.3816717417243733,1358,0,0,1
Black,3.1426264363684586,1305,1,0,1
Asian,3.151170304496127,1411,3,0,1
Hispanic,3.609002013178838,1510,3,0,1
Hispanic,2.9484887727905393,1391,1,0,0
White,2.750392769731925,1296,5,0,1
White,3.4260870388385887,1316,5,0,1
White,3.3979041581802494,1581,4,1,1
Asian,3.6398754459628533,1600,4,0,1
White,3.2326920439413054,1429,2,0,1
Hispanic,3.289523743618495,1377,3,0,1
Black,3.099342074542006,1250,4,0,1
Black,2.6147938498370262,979,3,0,0
White,3.1222776896777407,1222,3,1,1
Hispanic,3.519642839387965,1257,0,0,1
White,3.286422662931075,1409,1,1,1
White,3.5999240624117967,1600,3,0,1
Asian,3.4546288025615124,1481,3,0,1
Black,3.141787200325338,1341,2,0,0
White,4.0,1571,1,1,1
White,3.8512450650196586,1600,2,0,1
White,3.0388975420185473,1292,1,1,1
Black,3.1715934300261575,1426,4,0,1
White,3.8067893334714893,1538,4,0,1
Black,3.9917619233838417,1600,1,0,1
Black,3.920407726213462,1471,0,0,1
Black,2.712167257089608,1264,3,0,0
White,3.3910034302503775,1474,0,0,1
White,3.858779998495627,1557,3,0,1
White,3.2162021705728203,1426,1,0,1
Hispanic,3.869446034034169,1505,1,0,1
White,3.2108450463000433,1357,4,0,1
Black,3.428056750425638,1457,2,0,1
White,3.0364913130940128,1431,2,0,1
White,3.039983034060395,1295,2,0,1
White,2.9431173581398116,1319,1,0,1
White,3.221161185355527,1372,2,0,1
White,2.899489789132135,1117,1,0,0
White,3.788245914277155,1560,1,0,1
White,3.089464336443406,1325,1,0,1
Black,3.3389874040409557,1435,3,0,1
Black,3.112802298065218,1346,0,0,0
Black,3.7146471699540076,1572,2,0,1
White,3.2897204241796505,1276,3,0,1
Asian,3.5091016257165575,1337,3,0,1
White,3.312160749710845,1309,1,0,1
Hispanic,3.775625338881562,1494,2,0,1
White,3.1757500784766575,1349,2,0,1
White,2.497539858581301,1306,3,0,1
Asian,3.3756264431384286,1424,2,1,1
Asian,3.326236518518607,1292,4,0,1
White,3.1159796245750018,1302,3,0,1
White,3.0793831670629555,1365,2,0,1
White,3.205511113865853,1373,3,0,1
White,3.2479621657504363,1323,3,0,1
White,3.5943524918184724,1467,2,0,1
White,3.1151568795102476,1365,4,0,1
Black,3.5348023290702155,1455,5,0,1
Hispanic,2.4824560872390995,1283,2,0,0
Hispanic,3.3197962452205125,1447,1,0,1
Asian,2.611265410765114,1192,1,0,0
Black,3.5125484760701995,1554,4,0,1
White,4.0,1600,3,0,1
White,2.7568871845635603,1265,0,0,0
Hispanic,3.796401250245311,1537,2,0,1
White,2.9090066070003058,1219,1,0,1
White,3.192469726273058,1374,1,0,1
Black,3.5464326424324835,1449,2,0,1
White,2.8769403759773553,1311,1,0,1
White,3.2420468418838917,1275,3,0,1
White,2.7847402865859365,1185,0,0,0
White,3.642440500784709,1433,2,0,1
Black,3.077209458289964,1315,4,0,1
Black,3.012088275174958,1187,2,0,0
Asian,3.045356087880256,1352,2,0,1
Black,2.841770005139668,1217,2,0,0
White,3.125553223696007,1370,1,0,1
Hispanic,2.399053722082438,977,0,0,0
White,3.953888695856528,1509,0,0,1
Hispanic,3.4927934495393176,1549,4,0,1
Asian,3.2153446175014118,1347,1,0,1
Hispanic,2.562459229959292,1322,4,0,0
White,3.423432508499351,1330,1,0,1
White,3.331995881395254,1402,1,0,1
White,2.802604411773889,1153,1,0,1
Black,3.2157298258792752,1358,3,0,1
White,3.09784691623537,1086,1,0,1
White,2.1047234896139715,1098,0,0,0
Black,3.264321621944812,1429,2,0,1
White,3.502767582186901,1556,1,0,1
Black,2.726071374540312,1263,3,0,0
White,3.0364664475329595,1337,5,0,1
White,3.2235760636747304,1312,7,0,1
White,2.8778888977265487,1183,0,0,0
Asian,3.276107987139801,1188,1,0,1
Black,3.528378949366213,1586,1,0,1
White,3.1894191688916704,1268,1,0,1
White,3.1271889320731177,1308,3,0,1
White,2.820320464995026,1183,3,0,0
Black,3.0769563964718523,1397,1,0,1
Hispanic,2.9392067758644753,1275,1,0,1
White,3.9532249554459415,1545,2,0,1
White,3.429889179908824,1494,3,0,1
Black,3.7970113465832007,1524,4,0,1
White,3.7676828373037736,1600,2,0,1
White,2.6986238183975457,1256,2,0,1
Hispanic,3.9187492555274526,1549,3,1,1
White,3.1634922298853065,1314,3,0,1
White,3.412050950401081,1427,1,1,1
White,2.952927531943626,1220,2,0,1
White,3.1795871114454384,1368,4,0,1
White,2.7114370586309398,1144,3,0,1
White,3.570534196018728,1494,2,0,1
White,3.186135597327487,1351,2,0,1
White,3.3052715661750494,1340,2,0,1
White,2.9230912254074206,1181,0,0,1
White,3.198462069896757,1413,1,0,1
White,3.151908580540718,1307,2,0,1
Hispanic,3.0510637237743716,1225,4,0,1
White,2.6719621460298772,1220,1,0,0
Hispanic,3.234018692150787,1387,5,0,1
White,3.6645769398810524,1455,3,0,1
White,3.0350291938575777,1421,2,0,1
Asian,3.9724699499120506,1600,2,0,1
Black,3.280459557487922,1424,2,0,1
Asian,3.5954563028847604,1458,2,0,1
White,3.4301352008815535,1464,1,1,1
White,2.9439295622394317,1384,2,0,1
Asian,3.370313290898048,1220,2,0,1
White,3.047164098625325,1462,0,0,1
White,3.314040714183504,1318,2,0,1
Asian,3.500267886103451,1600,2,0,1
White,2.9066567902495946,1311,5,0,1
White,3.674115441768052,1420,0,0,1
Hispanic,3.0438116206968244,1242,2,0,0
White,2.8122605349799765,1366,4,0,1
Asian,3.2276277642547337,1255,4,0,1
Asian,2.798086033325794,1187,2,0,0
White,2.7529129730122524,1164,8,0,1
White,2.70286688382586,1246,2,0,1
Asian,4.0,1573,2,0,1
Asian,3.5132879085405846,1581,3,0,1
White,3.406725196384678,1419,3,0,1
White,3.4168445102111895,1479,0,0,1
White,3.446551494751464,1495,2,0,1
Black,3.676193423895728,1463,3,0,1
Black,3.318777675065945,1515,4,0,1
Black,3.2696593528946405,1401,3,0,1
Asian,2.7178497591610844,1326,1,0,0
Black,2.9090366077749135,1255,1,0,0
White,3.360578881293706,1490,1,0,1
White,2.6652304328989973,1160,3,0,0
White,3.5333499297568736,1446,3,0,1
Hispanic,3.1860170148172444,1247,1,0,0
White,3.061911161253079,1270,2,0,1
White,3.853493711876061,1506,2,0,1
Black,2.8456966037459654,1225,1,0,0
White,3.225466880488175,1371,4,0,1
Black,3.046851338147608,1375,2,0,1
White,3.8776468160244124,1570,0,0,1
Hispanic,2.896945762064032,1291,2,0,0
White,3.1908075458041933,1373,4,0,1
White,2.977521092372667,1295,4,0,1
Hispanic,3.410405009376424,1463,2,0,1
Asian,3.532390667835396,1388,1,0,1
White,2.623766401631727,1218,2,0,0
White,3.0368847808815542,1210,5,0,1
Asian,3.2968881562682,1433,2,0,1
Asian,3.410719699027374,1412,5,0,1
Hispanic,3.061780654575651,1435,3,0,1
Hispanic,3.208410652903611,1260,0,0,0
White,3.5295848538377834,1327,2,0,1
White,3.5833084242016424,1554,1,0,1
White,2.306798907654259,1142,3,0,0
White,3.1519625062310466,1351,3,0,1
Hispanic,3.0084617619580656,1397,4,0,1
Black,3.281115247997208,1448,1,0,1
Asian,3.4567501868904893,1363,2,0,1
Black,2.8903051137632287,1239,2,0,0
White,3.0833363694643436,1350,1,0,1
White,3.251677407515774,1361,2,0,1
White,3.428358742285851,1387,3,0,1
White,2.907761763708769,1357,1,0,1
White,3.1845678027699886,1330,4,0,1
White,2.728767147574664,1269,5,0,1
Black,3.1977440278926927,1332,2,0,1
White,3.2294746621505297,1326,0,0,1
White,2.713799652649683,1278,4,0,1
White,3.611661855182406,1505,2,0,1
Black,3.445335125780992,1367,3,0,1
White,2.8331287270162333,1320,1,0,1
Black,3.3050540464756555,1486,3,0,1
White,3.3042199135269934,1304,2,0,1
White,2.4748131854420508,1088,2,0,0
White,3.020583859632699,1502,1,0,1
White,3.3139721210183573,1320,1,0,1
Hispanic,2.5947219110127206,1179,1,0,0
White,2.9936227122452066,1182,3,0,1
White,3.43282443822455,1430,2,0,1
White,3.361290899574027,1373,2,0,1
White,2.674613442464476,1176,2,0,0
Hispanic,3.64050479304191,1476,4,0,1
White,3.4156685125038555,1480,5,0,1
Hispanic,3.4408459575291332,1319,2,0,1
Hispanic,4.0,1482,3,0,1
White,3.1205727778095835,1332,3,0,1
White,3.5930110664323793,1329,4,1,1
Black,2.595044855432814,1160,2,0,0
White,3.443469039788128,1321,1,0,1
White,4.0,1600,3,0,1
White,3.5063818941860356,1336,2,0,1
White,3.051884112952415,1406,1,0,1
White,2.56920933989548,1157,2,0,0
White,3.0169746969920546,1382,2,0,1
Hispanic,3.3663243739722675,1551,4,0,1
White,2.4140317008190983,1277,1,0,0
White,3.2883562689929184,1416,2,0,1
White,2.999119871151052,1460,3,0,1
Black,2.8659766165859413,1277,1,0,0
Black,3.3304883329291948,1370,2,0,1
White,2.9725180049627666,1287,3,0,1
White,2.962478419124952,1363,2,0,1
White,2.99045852529997,1236,4,0,1
Asian,2.7727547348863406,1149,0,0,0
Hispanic,3.3272449436961664,1303,2,0,1
Asian,2.479020715823736,1195,3,0,0
Hispanic,3.2721172292231295,1368,0,1,1
White,3.436472936670979,1479,0,0,1
White,3.5945625673621713,1355,2,0,1
Black,3.370181660204776,1384,2,0,1
White,3.6969869155755335,1517,1,0,1
White,2.700550203783029,1126,1,0,0
White,3.0686290593759877,1357,2,0,1
White,2.880776238135759,1196,1,0,0
White,2.4662040786679604,1203,0,0,0
Asian,3.391666532216364,1492,1,0,1
White,3.517270658088654,1492,2,0,1
Black,3.1782449127447525,1386,1,0,0
White,3.6651758454977403,1395,0,0,1
White,3.112831415967715,1336,0,0,1
White,3.0315350460079573,1465,4,0,1
White,3.4167236770134197,1219,0,0,1
White,3.3403309904198446,1462,2,0,1
White,3.5783695285481523,1458,2,0,1
Hispanic,2.927410978547406,1291,4,0,1
White,2.61461563870828,1260,1,0,0
Hispanic,2.836629860946442,1329,2,0,1
White,2.7893312624985396,1287,0,0,1
Hispanic,3.3443619531331343,1484,1,0,1
Hispanic,3.5005636689380104,1538,2,0,1
White,3.6002264358873366,1519,2,0,1
Black,2.8753642006425837,1294,0,0,0
Hispanic,3.045872501205769,1246,2,0,0
Asian,2.918516194667451,1359,3,0,1
White,3.3543782295224944,1437,3,0,1
Hispanic,3.279249881623565,1461,5,0,1
White,3.336570700658161,1394,2,0,1
White,2.876951978213702,1356,4,0,1
White,2.7837101407345672,1113,1,0,1
White,3.0987777305423854,1337,0,0,0
Black,2.769582178926287,1365,2,1,1
White,3.8296767922878865,1484,4,0,1
White,3.386576806929667,1302,0,0,1
Asian,2.7083537765654904,1327,0,0,1
White,3.6480040309211232,1457,4,0,1
White,3.098253983195013,1396,3,0,1
Hispanic,3.230226029738779,1494,3,0,1
White,3.597679819709671,1588,4,0,1
White,3.3722746804544457,1388,0,0,1
White,3.000588276559771,1431,1,0,1
White,3.372514477982957,1399,3,0,1
White,2.58565743833803,1323,0,0,0
White,2.6626798798696254,1411,2,0,1
Hispanic,3.4302369649541133,1297,2,0,1
Asian,3.1669998071954457,1456,6,0,1
White,2.8148353796358396,1190,5,0,0
Black,3.2399052570877096,1274,5,0,1
White,3.375286167392123,1516,3,0,1
Black,2.789556264910693,1317,1,1,0
Hispanic,3.592974050625389,1285,3,0,1
White,3.6454948202443984,1414,1,0,1
White,3.423971243977794,1374,3,0,1
Asian,2.731087805731386,1163,2,0,0
Black,3.2794334190022987,1379,3,0,1
Black,3.603262734288852,1439,2,0,1
Black,2.9331775215936546,1361,1,0,1
White,2.885765747176668,1303,1,1,1
White,2.783072358293731,1261,3,0,1
White,2.849319314095574,1358,2,0,1
Hispanic,2.9615919230731453,1408,2,0,1
Asian,3.4253326276136407,1349,0,0,1
White,3.6246372651297243,1378,3,0,1
White,2.6656700048132906,1184,2,0,1
White,3.4158931375182258,1537,2,0,1
Asian,3.478320950652334,1322,2,0,1
Black,3.4709925933791292,1411,4,0,1
White,3.6230098868000224,1484,5,0,1
Asian,2.7176472989368277,1258,2,0,0
Black,2.7796615383882513,1287,2,0,1
White,3.597014585112651,1590,1,1,1
White,3.6081193482403764,1374,3,1,1
Black,2.521635940996381,1191,3,0,0
Asian,2.8547366798411407,1320,1,0,1
Hispanic,3.5428508712734232,1447,3,0,1
Black,3.194086048431418,1377,2,0,1
Black,3.5278205067770942,1495,4,0,1
White,3.23973893854097,1319,1,1,1
White,3.4608214662442576,1354,2,0,1
Black,2.7555881609956674,1262,3,0,0
White,2.902175766307914,1195,3,0,1
White,2.937141426574307,1306,1,0,1
White,3.347280958545109,1384,3,0,1
Hispanic,3.462703395839121,1500,2,0,1
White,3.2998420077575488,1387,2,0,1
White,3.0334617521833147,1238,4,0,1
White,3.2079617370196982,1491,1,0,1
Black,3.115815789490012,1317,1,0,1
White,3.2182966747214854,1452,2,1,1
White,3.3466143230952365,1396,2,0,1
White,3.289995318474681,1447,0,0,1
Hispanic,3.1630927235651725,1267,2,0,0
Black,2.6772097195606546,1192,0,0,0
White,2.8388469452138168,1198,1,0,0
Black,3.073902930434486,1199,0,0,0
White,2.594965360491984,1037,1,0,0
White,3.608628834090528,1600,3,1,1
White,3.3027455180079297,1298,1,0,1
White,3.9147953616849636,1563,5,1,1
Asian,3.5687742799065068,1574,4,0,1
White,3.3220942273633556,1458,1,0,1
Hispanic,3.4675652666883643,1447,3,0,1
Black,3.7197089491153803,1515,0,0,1
Hispanic,3.0283634987607613,1425,1,0,1
White,3.3179564812231046,1374,2,0,1
White,3.1799945283124265,1329,2,0,1
White,3.2702727106729403,1414,3,0,1
White,3.293793073069046,1362,2,0,1
White,3.326458130525956,1485,3,0,1
White,3.5756859061662736,1362,3,0,1
Black,3.901124312311649,1508,2,0,1
Black,3.084493074570489,1447,3,0,1
White,2.8268656753182477,1217,8,0,1
White,3.0283665419933805,1361,3,0,1
Asian,3.563686512464024,1488,1,0,1
White,3.1650510924695,1376,0,0,1
White,2.6572543804478577,1118,1,0,0
White,3.386494834881661,1447,2,0,1
Black,3.064737240750634,1381,6,0,1
White,3.0267043828986555,1418,1,0,1
White,3.112726112616295,1362,0,0,1
White,2.8723965038450476,1285,4,0,1
White,3.0891479652417217,1273,4,0,1
White,3.4564088184722728,1473,3,0,1
White,4.0,1437,3,0,1
White,3.876464501168581,1600,3,0,1
Black,2.564076351029662,1226,4,0,0
Hispanic,3.199669084085183,1462,2,0,1
Black,3.5453280727043452,1374,3,0,1
White,3.5863193713404624,1422,2,0,1
White,3.0534970963307573,1218,0,0,0
White,2.973791585841902,1441,3,0,1
Hispanic,3.77257548861999,1491,1,0,1
Black,3.67654698281988,1560,0,0,1
Black,2.93510382512274,1281,1,0,0
White,3.396892432709717,1379,3,0,1
White,3.3101769656594775,1546,4,0,1
White,3.1798526329099244,1427,1,0,1
Asian,3.528750970276806,1498,5,0,1
White,3.3672434570406446,1432,3,0,1
Hispanic,2.756035417892183,1282,2,0,1
Black,2.6099377470579563,1207,2,0,0
White,3.6029731330935237,1533,2,0,1
Hispanic,2.979152220908555,1244,2,0,0
Hispanic,3.459111830102014,1365,1,0,1
Hispanic,3.31374005316909,1215,1,0,1
White,4.0,1494,3,0,1
White,3.072072813439231,1265,4,0,1
White,3.430873693336848,1500,2,0,1
White,3.5057069325766093,1547,3,1,1
White,3.1628761017763267,1410,5,0,1
Hispanic,3.291101126659251,1457,2,0,1
White,3.0517134772650216,1277,4,0,1
White,3.082835745476711,1315,3,0,1
Black,3.1721760566207178,1272,0,1,0
White,3.408930876292026,1508,3,0,1
Hispanic,3.6026383494969307,1458,2,0,1
White,2.7083596082236063,1222,6,0,1
Black,3.5671790898267077,1488,0,0,1
White,3.3996703505978587,1548,0,0,1
White,3.5735978956214236,1494,1,0,1
White,2.8372501538296784,1332,1,0,1
White,2.7770246652954684,1292,4,0,1
Black,3.15770408568208,1265,5,0,1
Black,2.8888552842280433,1194,1,0,0
Hispanic,3.069069429440399,1366,2,0,0
White,3.149281208698893,1270,4,0,1
Asian,3.8495791525340577,1477,3,0,1
Asian,3.555505975922146,1561,3,0,1
White,3.3468910010398716,1421,2,0,1
White,2.566492724876187,1121,0,0,0
Asian,3.931174785568467,1499,3,0,1
Hispanic,2.4023472945079587,1057,4,0,0
White,2.999865171150495,1212,3,0,1
Black,3.4717997234131963,1505,4,0,1
Hispanic,4.0,1539,0,0,1
White,3.4497107966483123,1387,4,0,1
White,3.0392754306573146,1183,2,0,1
White,2.800130796638957,1233,1,0,0
White,3.8951505768327577,1600,5,1,1
White,3.015557747525967,1276,3,0,1
White,3.9565807651375455,1571,3,0,1
White,3.499872755779719,1320,1,0,1
White,3.2928411866865996,1444,2,0,1
White,3.460258401574513,1579,1,0,1
White,3.6702215428316136,1600,4,0,1
Hispanic,3.4702028866036683,1460,2,0,1
White,2.479087224349511,1209,3,0,0
Asian,3.6395911580866667,1600,3,0,1
White,2.2688286964703144,1125,2,0,0
White,3.2681166143336315,1600,5,0,1
Asian,2.8297373549426554,1211,4,0,1
Hispanic,2.9421019928060894,1255,0,0,0
Asian,2.922476920233694,1379,1,0,1
Asian,3.0084995448990997,1115,0,0,0
White,3.2656073931372758,1328,1,0,1
White,2.97522506257168,1393,6,0,1
White,3.3969885621803666,1425,5,0,1
White,3.004689972024105,1471,1,0,1
Hispanic,2.065013634822413,800,2,0,0
Black,2.5907795698315654,1002,0,0,0
White,2.8654983576986655,1104,1,0,0
Hispanic,2.9116282080221927,1312,3,0,0
White,2.8180208879932325,1225,2,0,1
White,2.96130751324937,1300,0,0,1
White,3.3594193811322235,1416,1,0,1
White,3.1723661626698005,1403,1,0,1
Black,3.66308370410143,1366,4,0,1
Hispanic,3.070490281897707,1434,0,0,1
White,2.7399435383841126,1166,3,0,1
White,3.2161268179423446,1439,3,0,1
White,3.1920068314109886,1322,2,1,1
Hispanic,3.563664835489199,1510,0,0,1
White,3.018755637125133,1320,6,0,1
Asian,3.6472005524062547,1447,2,0,1
White,2.655459934968923,1133,1,0,0
White,3.0463526150596554,1397,0,0,1
White,3.245125120744133,1400,0,0,1
White,4.0,1600,2,1,1
Hispanic,3.5240501560908504,1445,1,0,1
Black,2.622193139462156,1006,1,0,0
Hispanic,3.454524989586179,1578,2,0,1
Asian,3.8565001322511194,1600,3,0,1
Hispanic,2.99294852737657,1322,2,0,1
White,3.3438565992904015,1417,2,0,1
Asian,4.0,1540,0,0,1
Black,3.951138569846379,1519,1,0,1
Black,2.9362860978304544,1280,2,1,1
White,2.958615144443548,1500,4,0,1
White,3.813998385189238,1420,3,0,1
White,3.686040337077736,1538,3,0,1
White,2.7302593447475134,1243,0,0,1
White,3.4717630490948546,1463,0,0,1
Hispanic,3.8569439713590477,1489,1,0,1
White,4.0,1600,4,0,1
White,2.842037530918652,1050,4,0,0
White,2.942483504597803,1225,1,0,1
White,3.9051966995405945,1491,3,0,1
White,2.7916544836276054,1138,7,0,1
Black,3.1741030471215455,1504,0,0,1
White,3.1550390119782077,1430,0,0,1
Hispanic,2.9353407720382516,1380,2,1,1
White,2.9055342475391353,1340,1,0,1
White,2.8281290858947132,1140,3,0,1
White,3.0957407566596506,1375,3,0,1
White,3.0160314990043946,1299,0,0,1
White,2.9179450938726927,1394,1,0,1
White,2.584936051673905,1159,4,0,0
White,3.895398680097283,1536,0,0,1
Asian,3.42430362790034,1394,2,0,1
White,3.3317541272469935,1408,0,0,1
Black,3.589149575586994,1465,0,0,1
Hispanic,2.8211968118109128,1345,1,0,0
White,3.2198365554914496,1423,1,0,1
White,3.815930111354766,1600,3,1,1
White,3.789101020102307,1600,2,0,1
White,3.1134102643817516,1404,0,0,1
Hispanic,3.555355637873992,1518,3,0,1
White,3.1853896139010613,1356,3,0,1
White,3.428608261931086,1402,3,0,1
Black,3.273161663165697,1379,4,0,1
White,2.249164386175111,1129,3,0,0
White,3.8857096407338636,1500,1,0,1
White,3.4708880473303223,1524,0,0,1
Black,2.9210970206744626,1054,3,0,0
White,3.1072009687287876,1322,6,0,1
Black,3.1758849603196335,1407,6,0,1
Black,3.5716581152038893,1350,1,0,1
White,3.6864102208846434,1517,3,1,1
White,3.659473690410696,1575,6,0,1
Black,3.540309055960705,1343,2,0,1
White,2.7660357963595144,1139,1,0,0
White,3.504132479714591,1465,5,0,1
Hispanic,3.3888244497501074,1364,3,0,1
White,3.159591664345874,1314,1,0,1
White,3.1650222198780407,1410,0,1,1
White,3.5748144078844795,1478,1,1,1
White,3.522731004297592,1540,3,0,1
White,3.2086296020118326,1406,1,1,1
White,2.437684864890265,1141,2,0,0
White,2.5145089867862476,1318,2,0,0
White,2.610671159782876,1111,2,0,1
White,3.1876034152255173,1391,0,0,1
Hispanic,3.3780561397456523,1164,4,0,1
White,3.4949020651020652,1523,2,0,1
White,3.7945329657150757,1497,2,0,1
White,3.3924929942302593,1529,3,0,1
Black,2.574950831161787,1023,3,0,0
Asian,3.7796049961832345,1568,3,0,1
Asian,4.0,1594,2,0,1
White,3.6493216390192624,1483,2,0,1
White,3.4816978371933094,1514,2,0,1
White,3.8737453798274677,1549,1,0,1
Asian,2.9962071905098386,1222,6,0,1
Asian,3.6024159343453617,1489,4,1,1
White,3.3187526231047957,1334,3,0,1
Black,3.146647608381021,1285,1,0,0
Black,2.1773369943290555,1004,2,0,0
Black,2.721937354900526,1235,3,0,0
White,3.4035621427220084,1338,6,0,1
White,3.5754729131462413,1471,2,0,1
White,3.1167403551701853,1160,2,0,1
White,3.4593623239325866,1443,0,1,1
Black,3.084520653333678,1411,1,0,0
Black,3.1234201905694117,1494,3,0,1
Black,2.9278422438450296,1240,1,0,0
White,3.1726682031062157,1205,2,0,1
Hispanic,3.4436862859145525,1414,1,0,1
White,3.488494374307381,1482,4,0,1
White,3.4323899537967932,1343,2,0,1
White,3.009923425620346,1156,0,0,0
White,3.0235378191949276,1443,1,0,1
Black,3.184911835904837,1366,0,0,0
Black,2.9312001170767137,1300,4,0,1
Black,2.980456398242574,1336,1,0,1
White,3.304995062194827,1388,1,0,1
White,2.991712525263127,1369,4,1,1
Black,3.1377406219490878,1410,1,0,1
White,2.8275031319884003,1232,5,0,1
Asian,3.4011132375072406,1309,2,1,1
Black,3.291065558130582,1332,3,0,1
Asian,3.365210511859436,1600,1,0,1
White,2.9784668742795066,1221,3,0,1
Black,3.6692183431821617,1600,0,0,1
White,3.3285540795463078,1423,1,0,1
Black,3.3265584041049783,1390,4,0,1
Black,3.513844478276705,1432,1,1,1
Black,4.0,1541,3,0,1
Hispanic,2.411490557364921,998,2,0,0
White,3.2992216441473365,1386,2,0,1
Black,3.0518044527142276,1343,2,0,1
White,2.8506423116219386,1074,4,0,1
White,2.5509051621634624,1239,2,0,1
Hispanic,4.0,1600,2,0,1
Black,3.2227038026765733,1445,2,0,1
White,3.7723701821050977,1438,2,0,1
White,3.5363978968273764,1482,4,0,1
White,2.824649746756777,1248,2,0,1
Hispanic,3.313233374864059,1328,3,0,1
White,3.383960535742062,1511,2,0,1
White,3.374709388907329,1353,2,1,1
Black,3.5050320769386683,1381,2,0,1
White,2.6398182000701453,1187,2,0,0
Hispanic,3.6335038817753587,1551,2,0,1
White,3.464823042973233,1545,2,0,1
White,3.1476097922866577,1418,5,0,1
White,3.743562345913661,1527,1,0,1
White,3.5243236532646236,1518,1,0,1
Black,3.2440119165523615,1311,0,0,0
White,3.695550367745937,1600,2,0,1
White,3.2541503650489334,1504,5,0,1
White,3.6048255074552573,1461,1,0,1
Hispanic,3.5687488333588666,1457,4,0,1
White,2.498658626804008,1051,1,0,0
Black,3.9421700769391697,1570,2,0,1
Black,3.585897720990437,1477,0,0,1
Asian,3.519724138708525,1332,2,0,1
White,3.0326456105675996,1429,0,0,1
Black,3.62177007226375,1432,2,0,1
White,2.320938327575082,1117,4,0,0
White,3.1477706544412345,1341,3,0,1
Hispanic,3.134965182552893,1404,3,1,1
White,3.5350916311480596,1464,2,1,1
White,2.7241583102329514,1353,0,0,1
White,3.2260283383518034,1368,1,0,1
White,3.200993247769386,1244,0,0,1
White,3.0634819539652347,1218,5,0,1
White,2.8618008050104233,1169,2,0,0
White,3.285387083369968,1291,2,0,1
White,2.7674592161351432,1246,3,0,1
White,3.0919299043751725,1219,1,0,1
Black,2.438571964655963,1218,2,0,0
White,2.7377700550782844,1156,2,0,1
Black,2.9213917107764673,1294,2,0,1
White,3.497879645408787,1389,0,0,1
White,2.9009578637666213,1170,0,0,1
White,2.8074969465459585,1020,3,0,0
Hispanic,3.0572906171376473,1271,1,1,1
Black,3.5583421027396214,1459,1,0,1
Black,3.8776299808285293,1509,2,0,1
White,3.3028636058026097,1455,4,0,1
Asian,2.6689274573102777,1225,1,0,0
White,2.6407548728115664,1220,1,0,1
Asian,3.0949263509626017,1381,2,0,1
Black,2.414361623981276,1158,1,0,0
Black,3.2798309484006416,1531,1,0,1
White,3.443443264024619,1469,2,0,1
White,2.4328183209455636,1230,2,0,0
Black,3.020006149631553,1308,3,0,1
White,3.1795980950303173,1529,1,0,1
Black,3.5497578681106585,1530,6,0,1
White,3.424230616286592,1432,5,1,1
White,2.8044762808934696,1441,1,0,1
White,3.838369920422007,1525,3,0,1
White,2.798462579473996,1297,1,1,1
Asian,3.3395423244792735,1322,2,0,1
White,3.2224935333967113,1257,4,0,1
Hispanic,3.42983702303149,1462,3,0,1
White,3.3243448916340417,1518,3,0,1
White,3.771793455882353,1469,0,0,1
White,3.0115424852745916,1265,3,0,1
Hispanic,2.771306081553822,1064,4,0,0
White,3.9151455359701193,1505,2,0,1
White,3.4694212721417683,1448,1,0,1
Black,2.7264600546730176,1240,0,0,0
White,2.4039651348952846,1096,2,0,0
White,3.531489329005411,1486,2,0,1
Black,2.9607797758400967,1482,1,0,0
White,4.0,1600,0,0,1
Hispanic,3.4628721419140307,1414,1,0,1
White,3.2999030982651343,1327,0,1,1
Asian,3.605958312836033,1418,3,0,1
White,3.8796900567848422,1598,3,0,1
Black,2.7066206373817576,1204,5,0,1
Black,2.771633762831981,1160,3,0,0
Black,2.9845734435417413,1253,2,0,0
White,3.466694915372111,1393,1,0,1
White,2.724905612528917,1100,7,0,1
Asian,3.2141477454604526,1348,1,0,1
White,2.4216932126301263,1236,3,0,0
Asian,3.2861328085666277,1328,1,0,1
Hispanic,3.3582876868956233,1417,6,0,1
Hispanic,2.863945262907062,1302,1,0,0
White,3.189292217051746,1368,1,0,1
Hispanic,3.4864662652618943,1403,1,0,1
White,2.8337842241943174,1380,3,0,1
White,3.4335486252270484,1302,0,0,1
Hispanic,3.770990755074059,1536,2,1,1
Black,3.754069991264669,1480,3,0,1
Black,2.760732583576157,1445,2,0,1
Asian,3.2233813816201846,1328,2,0,1
Hispanic,3.028954976102807,1328,1,0,1
White,3.16583466240339,1308,1,0,1
White,3.571143025348939,1408,2,0,1
Black,2.0,1051,2,0,0
Black,2.889032315684673,1367,2,0,0
Black,2.9686754036665013,1452,3,0,1
White,3.4896697667647847,1490,3,0,1
White,4.0,1441,0,0,1
Hispanic,3.4179640214901013,1425,3,0,1
White,3.6473519831718217,1503,3,0,1
Black,3.4387430734833324,1541,1,0,1
Hispanic,3.6824129604657845,1566,1,0,1
Black,3.176718641004799,1243,4,1,1
White,3.3149164089135517,1333,3,0,1
White,3.8425200854440704,1508,2,0,1
Asian,3.752665019678494,1494,0,1,1
White,3.898225805854313,1551,0,0,1
Hispanic,3.120616055025315,1300,2,0,1
Black,2.9608516717672386,1245,2,1,1
Asian,3.3220128654388126,1554,2,0,1
White,2.5718698389820824,1376,3,0,1
White,2.327734710069498,1010,3,0,0
White,3.4089702030518385,1391,6,0,1
White,3.511223318792743,1440,1,0,1
White,3.1121481295610365,1188,0,0,1
White,2.5021938183237533,1045,2,0,0
White,3.9170123854624093,1528,3,0,1
White,2.7251187650198863,1210,4,0,1
White,3.6310688322364526,1367,0,0,1
White,3.2332830736364873,1369,2,0,1
White,3.1593498600844856,1328,4,0,1
White,3.7325420119605526,1513,0,0,1
White,3.314494558008183,1476,3,0,1
White,3.9776992550039765,1600,0,0,1
White,2.3279865337452064,1177,1,0,0
White,3.1681618746567866,1364,1,0,1
White,3.32048111144647,1412,2,0,1
White,3.191538757682991,1456,0,0,1
White,3.831529179552047,1567,3,0,1
Black,3.666577539351037,1527,2,0,1
Black,3.2796597922307993,1578,4,0,1
White,2.767991950762037,1154,4,0,1
White,3.4571467120908874,1345,5,0,1
Asian,3.1998607755165684,1341,2,0,1
Black,2.696522623742271,1295,4,0,1
White,2.689626129565398,978,1,0,0
White,3.5378600333910444,1534,3,0,1
White,2.860189621247407,1282,3,1,1
Hispanic,3.658776490850261,1478,1,0,1
Hispanic,3.324165977690633,1296,0,0,1
White,2.9329922154967343,1307,0,0,1
Black,3.0517532902830533,1329,0,0,0
Hispanic,3.7942847350263054,1496,1,0,1
Hispanic,2.1697462689896536,1152,0,0,0
White,3.2825399363529173,1419,2,0,1
Asian,3.3058739553378773,1347,1,0,1
Hispanic,3.954452154462084,1536,3,1,1
White,2.808762618726065,1263,0,0,1
White,3.400894367061794,1428,3,0,1
Hispanic,3.449140665762463,1388,2,0,1
Asian,2.8263553075198478,1177,2,0,0
White,2.776924246800252,1283,1,0,0
White,3.0315368482733493,1306,0,0,1
Black,3.561699392185491,1325,2,0,1
White,3.2467693555062143,1289,0,0,1
White,3.117377592831617,1394,1,0,1
Black,3.3470427906549127,1455,3,0,1
Hispanic,3.4894951671001193,1486,1,1,1
Hispanic,3.6800360033161876,1521,2,0,1
White,2.9679258972346148,1432,2,0,1
Hispanic,3.146801001204721,1420,2,0,1
Asian,3.4458346827268724,1413,2,0,1
Black,3.792091470832539,1600,1,0,1
Black,3.780426152384844,1540,4,0,1
Hispanic,4.0,1600,0,0,1
Black,2.7659171960316518,1146,0,0,0
Hispanic,3.5127904909203567,1538,3,0,1
White,2.49384846358478,1114,0,0,0
White,3.1238844073368974,1311,3,0,1
White,3.5109437425374614,1420,3,0,1
White,3.5297881644251925,1512,4,0,1
White,2.88218796064207,1331,2,0,1
White,3.042458804400816,1329,4,0,1
Hispanic,3.1288578404399674,1224,3,0,1
White,3.3796221927741024,1447,3,0,1
Black,2.7163723083160702,1047,0,1,0
White,3.709917070573141,1452,1,0,1
White,2.601122547661855,1267,3,0,1
White,2.9765086176931006,1287,1,0,0
White,3.3825707633414206,1361,0,1,1
White,3.257700330878076,1465,1,0,1
Hispanic,2.671535530773732,1073,3,0,0
White,3.5489126897504963,1342,2,0,1
White,3.9908773781134643,1600,2,0,1
Asian,4.0,1600,1,0,1
White,2.937941602940029,1282,1,0,1
Black,3.288889473845017,1451,4,0,1
White,3.6000523140405805,1434,1,0,1
Black,2.6513841064783445,1360,3,0,1
White,3.1754966528759074,1444,5,1,1
White,3.9092562499281476,1577,1,0,1
White,2.871357424122478,1372,1,0,1
White,2.746945858066647,1111,0,0,0
White,3.390748543682014,1405,1,0,1
Hispanic,3.1582393277817458,1238,0,0,0
White,2.835480896273832,1166,2,0,0
White,3.2326317285864823,1356,2,0,1
Asian,3.0490700181223414,1325,4,0,1
White,2.3699702917550156,1139,3,0,0
Black,2.66520563814435,1235,1,0,0
Hispanic,2.8399602645503066,1304,1,0,0
Black,3.562937091835703,1400,4,0,1
White,3.036905155650296,1217,0,0,1
Hispanic,3.586753857482064,1451,0,0,1
Hispanic,3.1659815801223155,1252,2,0,1
Hispanic,2.936817979883898,1315,3,0,1
Black,3.204793483110554,1465,3,0,1
Hispanic,3.543853908270202,1457,0,0,1
Asian,3.0835094790007926,1231,3,0,1
White,3.1796893446665524,1389,2,0,1
White,2.813138236094581,1350,3,0,1
White,2.938558767241806,1305,4,0,1
White,2.7510576456116587,1252,2,0,1
White,3.572903916659831,1600,1,0,1
White,3.3191072913107376,1405,3,0,1
Black,3.1782428052205307,1325,0,0,1
White,2.84757352056953,1324,2,0,0
Black,3.6753350581609077,1526,0,0,1
Black,3.493035289086348,1480,2,0,1
White,3.6020582007717525,1407,1,0,1
White,3.717779202186465,1530,2,0,1
White,2.823156552869831,1255,0,0,0
Black,3.2088568253974747,1342,3,0,1
Hispanic,3.088054209215831,1290,3,1,1
Hispanic,3.875423716006248,1600,2,0,1
White,3.0195630136143694,1317,3,0,1
White,3.2982320119072863,1337,2,0,1
Hispanic,3.26223434090087,1488,2,0,1
Black,2.631895024050938,1134,1,0,0
White,2.716040490435609,1103,1,0,0
White,2.932042368924889,1426,1,0,1
White,2.8547454907173693,1345,5,0,1
Black,3.5829888194314075,1527,0,0,1
Asian,2.714877930506871,1048,1,0,0
White,3.4072513275914433,1453,2,0,1
White,3.647882607184084,1441,0,0,1
White,2.949177895592145,1254,1,0,1
White,3.152916999156691,1342,4,0,1
White,3.951726493431175,1573,2,0,1
White,3.3999359831513507,1298,0,0,1
White,3.6566352281296406,1465,2,0,1
Hispanic,2.955842491491842,1398,3,0,1
Asian,3.3506361657897963,1420,3,0,1
Black,3.2393248489627604,1315,1,0,1
Hispanic,3.0878228367883294,1186,0,0,0
White,2.752240652358058,1163,2,0,0
White,3.023498120709027,1366,0,0,1
White,3.3205435462279143,1407,4,0,1
White,3.508478866086116,1450,2,0,1
Hispanic,3.297996906304605,1405,2,0,1
White,2.9428136612289544,1159,2,0,1
Asian,3.5074018057612073,1368,5,0,1
Asian,3.0671478462015442,1377,1,0,1
Black,3.668493295217604,1544,3,0,1
White,3.477490333628284,1600,5,0,1
White,3.2913247248844404,1177,1,0,1
White,3.228674272251204,1296,1,0,1
Black,3.290027083347511,1369,4,0,1
White,3.354413865451776,1418,2,0,1
White,3.325813291733158,1380,2,0,1
White,2.875303894511758,1062,2,0,0
White,3.547612791321579,1529,3,0,1
Hispanic,3.3584053564068235,1402,3,0,1
Hispanic,3.205282491784012,1424,0,1,1
Black,2.9005998007297604,1085,3,0,0
White,2.8364752640351254,1132,3,0,0
Black,3.3160122691301117,1444,0,0,1
Black,3.181620504014745,1234,6,0,1
Hispanic,2.8423499593300257,1369,2,0,1
Black,3.3538595113543623,1379,2,0,1
White,3.2855526985747456,1292,2,0,1
White,3.619408273498243,1331,2,0,1
Asian,2.8462391824339712,1338,0,0,1
White,3.4746006015017756,1597,3,0,1
Black,2.916993856531468,1374,3,0,1
White,3.819283922526369,1600,2,0,1
White,3.5698398122707897,1338,0,0,1
Asian,3.1058062100163712,1331,3,0,1
White,3.0846633019550938,1349,4,0,1
White,2.8773373841470846,1209,1,1,1
White,3.8481918613846853,1438,0,0,1
Hispanic,3.9619825186949433,1600,4,0,1
White,2.2144298170287007,1152,0,0,0
White,3.6546425968190457,1600,1,0,1
White,2.8667796995580863,1378,5,0,1
Black,3.4546799250579476,1429,3,0,1
Asian,3.196709597813916,1428,6,0,1
White,2.9449153740784375,1405,5,0,1
White,3.174407869437238,1377,0,0,1
White,3.4325007959091343,1359,5,0,1
White,3.3983099276984237,1364,3,0,1
Hispanic,3.4169098917500422,1373,3,0,1
Black,2.4884358312012322,1106,4,0,0
Hispanic,3.81291906880097,1441,1,0,1
White,3.509474557669977,1586,0,0,1
Asian,3.216806046253316,1275,1,0,1
Hispanic,3.1344738894021114,1338,0,0,1
Asian,3.9638136067169696,1600,1,0,1
White,2.965819542479966,1330,2,0,1
Black,3.4305784796084153,1405,1,0,1
Hispanic,2.761700593029442,1125,4,0,1
White,3.4647964106381965,1394,1,0,1
White,2.449673348591674,1145,1,0,0
White,2.8741733788058252,1206,2,0,1
Hispanic,3.4994023711305626,1471,0,0,1
White,3.401911284943489,1454,3,0,1
Hispanic,3.486815922538991,1311,2,0,1
Hispanic,3.556344769675639,1476,3,1,1
White,2.8138207407012605,1376,1,0,0
White,3.4379667898007686,1331,3,0,1
Black,3.7098568413424315,1545,2,0,1
Black,3.5479215912018285,1521,4,0,1
White,3.3009915697310612,1341,1,0,1
Hispanic,2.826382248599992,1323,4,0,0
White,3.3588214922908284,1540,3,0,1
Hispanic,2.8455727361970333,1273,0,0,0
White,3.4868283413152033,1414,2,0,1
Black,2.726341926873784,1200,2,0,0
White,2.8755342087920974,1430,0,0,1
White,3.0226908887797914,1406,3,0,1
White,3.670579796287053,1599,1,0,1
Black,2.634183561335384,1215,3,1,1
White,2.7391630675140917,1174,1,0,0
White,3.101290961186209,1402,2,0,1
White,3.4914654975941235,1395,2,1,1
White,4.0,1600,4,0,1
Black,2.974263647014329,1244,0,0,0
White,3.4461962886416244,1410,0,0,1
White,2.8626503303846165,1172,2,0,0
Black,2.305286858771236,1053,2,0,0
Hispanic,3.1893070760374003,1376,1,0,1
White,2.5432707169912483,1274,2,0,0
Black,3.5218847860841223,1520,1,0,1
White,3.499762912796946,1372,0,0,1
White,3.0079679784805826,1230,4,0,1
White,3.877191374911099,1600,2,0,1
White,2.7536376420432296,1194,3,0,1
White,3.0841854670338544,1346,4,0,1
White,2.6049266386501944,1261,1,0,1
White,3.140965609640883,1382,1,0,1
Black,3.07016204933301,1243,4,1,1
Hispanic,3.221342752297919,1362,1,1,1
Asian,2.5632777689612842,1121,1,0,0
Black,3.766458323766331,1421,0,0,1
White,3.6686376914383034,1470,4,0,1
White,3.285464235379866,1447,1,0,1
Black,2.8932599546776596,1254,1,0,0
Black,3.396776289284268,1270,3,1,1
White,2.9071494737200503,1268,2,0,1
Black,3.5568121734574514,1403,4,0,1
White,2.412214047132811,1256,2,0,0
White,3.221854646117665,1316,5,0,1
White,3.086360184015391,1348,2,0,1
White,3.384135780219839,1318,3,0,1
White,3.015576036232278,1354,2,0,1
White,2.588253458985648,1077,1,0,0
Asian,2.555506233184724,1209,0,0,0
White,3.299377963520274,1330,6,0,1
Hispanic,3.072072066482115,1410,5,0,1
White,3.4526311641429825,1554,1,0,1
Hispanic,3.394032940451125,1402,3,0,1
Hispanic,3.805219243850263,1565,3,0,1
White,3.705083550022248,1583,0,1,1
White,3.2490728014365757,1446,2,0,1
Hispanic,2.5405990471687314,1162,2,0,0
Hispanic,2.7927688285140855,1312,2,0,0
White,3.6362260356729674,1565,3,0,1
Black,3.0300895652270263,1307,2,0,0
White,2.749110815712241,1099,2,0,0
White,2.9414411408048133,1420,3,0,1
White,3.0222543902303594,1265,2,1,1
White,3.660594325806599,1585,1,0,1
Hispanic,3.3575593456162975,1310,1,0,1
Black,2.675687311016688,1113,1,0,0
Asian,3.7315474064625977,1504,0,0,1
White,2.8102389948986333,1200,0,0,1
White,3.417075720869525,1540,1,0,1
White,3.171320706118754,1286,2,0,1
White,3.3991068394317248,1396,2,0,1
White,2.7210431155878947,1121,2,0,1
White,3.146666234798817,1441,1,0,1
White,3.1268903099149448,1369,2,0,1
Black,3.366810652666081,1532,1,1,1
White,3.476170088208484,1440,0,0,1
White,2.471785464374451,1056,3,0,0
White,3.00536345385972,1335,1,0,1
Hispanic,3.364539827053437,1380,0,0,1
White,2.641879016033106,1255,5,0,1
Hispanic,2.8518434991173587,1020,2,0,0
Black,3.3680891205713106,1312,2,0,0
Hispanic,3.4078415795416017,1395,2,0,1
Asian,3.2287847745213125,1295,4,1,1
Hispanic,3.234836340510486,1446,2,0,1
Black,3.321184808879932,1213,0,0,1
White,3.1656967427753195,1361,7,0,1
Black,3.222090259058978,1388,2,0,0
White,3.3403580762813716,1468,3,0,1
White,3.0790189497680105,1260,3,0,1
White,3.2934178320955225,1514,4,0,1
White,3.774382197099241,1550,2,0,1
Hispanic,2.3624185351332376,1176,0,0,0
White,3.5132477750424553,1429,1,1,1
White,2.496309331844636,1318,2,0,0
Black,2.743199909176778,1159,3,0,0
White,3.857582510677529,1460,1,0,1
Black,2.986781157117955,1105,2,0,0
Hispanic,3.2796640733094056,1432,4,0,1
Hispanic,3.381327060204534,1464,1,0,1
White,3.4495510821229014,1372,1,0,1
White,2.6092929526287145,1198,4,0,1
White,3.165495598324604,1442,1,0,1
White,2.9356689229434156,1215,1,1,1
White,3.378445176165984,1345,1,0,1
White,3.2575348595102662,1112,6,0,1
Black,3.7134025272220104,1410,2,0,1
Black,2.9848965767271616,1326,0,1,1
White,3.316181996205813,1464,0,0,1
White,2.909758579839965,1306,4,0,1
Hispanic,3.399213075795024,1352,2,0,1
Hispanic,3.6107550780212256,1344,3,1,1
White,3.0500230892179516,1255,4,0,1
Hispanic,2.433736505660539,1103,2,0,0
White,3.2970512605540767,1361,4,0,1
White,2.3975597202541414,1197,1,0,0
White,3.2847525390435566,1295,2,0,1
Hispanic,3.0345754509178184,1241,3,0,1
White,3.319044584432276,1297,2,0,1
White,3.5959787668749077,1349,2,0,1
White,2.8234799934173354,1312,2,0,1
White,2.5011301037895888,1081,1,0,0
White,3.243345828703122,1272,4,0,1
White,3.955216464680036,1528,2,0,1
White,2.748427101174582,1169,1,0,0
Black,2.6535780335145054,1247,2,0,0
Black,3.0325510217387985,1301,2,0,1
White,2.848824782179462,1348,2,0,1
White,3.273697014412788,1346,0,0,1
White,3.2281129982372265,1386,3,0,1
Black,2.6935233720018292,1238,2,1,0
White,3.987865052734654,1489,2,0,1
Black,2.7694954904016242,1205,1,0,0
Hispanic,3.149015314160218,1448,1,0,1
White,3.210987134561087,1369,3,0,1
Asian,3.415068194796582,1453,1,0,1
White,2.9589110197460418,1240,0,0,1
White,2.9773707202857516,1372,1,0,1
White,3.1497302600854726,1487,6,0,1
White,3.7689272210920794,1469,3,0,1
Hispanic,3.156617568277107,1292,2,0,0
Black,3.5895121650624144,1439,0,0,1
Hispanic,2.816526632769825,1150,2,0,0
Black,3.3478894565401065,1381,0,0,1
White,3.2875634514683356,1434,2,0,1
White,3.3204959132101073,1157,2,0,1
White,4.0,1600,0,0,1
Hispanic,3.4742197613572157,1446,2,0,1
White,3.0672942421676987,1383,4,0,1
Hispanic,2.6375394566882715,1121,3,0,0
White,3.542368461673676,1507,0,1,1
White,3.5891976576583686,1358,4,0,1
White,2.988475037080295,1454,3,0,1
White,2.4079364259576765,1336,3,0,0
White,3.6236112537595133,1380,1,1,1
White,3.1997106921559766,1348,2,0,1
Hispanic,3.327194574017056,1249,2,0,1
White,2.7046740000528198,1051,1,0,0
White,3.257032061366815,1484,1,0,1
White,3.208226697806913,1262,4,0,1
Hispanic,3.405235200640824,1426,0,0,1
White,2.8291670696216045,1231,1,1,1
Black,3.758696681788393,1426,0,0,1
White,2.8499807921558262,1325,0,0,1
Black,3.3137372613786353,1450,1,0,1
White,2.953010696609012,1187,1,0,1
White,2.99100159093962,1350,3,1,1
White,2.7812077302040468,1244,0,0,0
Hispanic,3.3575463723869343,1600,0,1,1
Black,3.3813633849284965,1335,1,0,1
Hispanic,3.2179481875004208,1494,2,0,1
White,3.5122777590697796,1394,2,0,1
Black,3.4172421546747267,1299,2,0,1
Black,3.139726540436761,1339,3,0,1
White,3.653868909473032,1548,5,0,1
White,3.1600454134244433,1295,1,0,1
White,3.5427160847721906,1416,1,1,1
White,3.095877827720221,1386,4,0,1
White,3.091584927284777,1384,1,0,1
Hispanic,3.708393768672651,1459,2,0,1
Hispanic,2.814411505724372,1165,1,0,0
White,2.9842085270205714,1300,2,0,1
Black,2.421063238713049,1043,0,0,0
White,2.8709872634406777,1310,0,1,1
White,2.800539014650379,1241,3,0,1
Black,2.8740343240642345,1240,1,0,0
White,3.130007217161539,1363,3,0,1
Black,2.9954132542580703,1197,1,0,0
White,3.5680759081887587,1524,1,0,1
White,4.0,1425,4,0,1
Black,2.9159485597653325,1050,2,0,0
White,3.5869348253161095,1419,4,0,1
White,3.2749930085836634,1322,1,1,1
Black,2.9360726485478894,1191,1,0,0
White,3.1085111375153622,1282,5,0,1
Asian,2.887713436924023,1244,3,0,1
Hispanic,2.9629567604070512,1194,4,0,1
White,4.0,1600,5,0,1
White,3.4411167229333537,1457,0,0,1
White,2.731813641413697,1155,1,0,0
Hispanic,2.9730969651516346,1293,2,0,1
White,3.323969122918438,1375,2,0,1
White,2.720504187627173,1264,3,0,1
Hispanic,3.033443621067615,1190,1,0,0
Asian,3.14980177822507,1397,3,0,1
White,3.573909433374777,1499,1,0,1
Black,3.3159036142560745,1344,2,1,1
White,3.999269975438895,1545,2,0,1
White,2.2044141975882203,1225,4,0,0
White,2.656460025736294,1156,0,0,0
White,3.111945125640496,1422,0,0,1
Black,3.2149493817389523,1397,2,0,1
White,2.8254887999303393,1268,3,0,1
White,2.7923486929487527,1295,1,1,1
Asian,3.4650846544133227,1463,6,0,1
White,3.3314543007948387,1375,2,0,1
Hispanic,3.5286386432352987,1420,0,0,1
Asian,3.723791022766489,1462,1,0,1
Black,3.106499484407382,1236,2,1,1
White,2.860538921201161,1218,0,1,1
Black,3.2898367892152516,1424,4,0,1
Black,3.588425526142011,1316,1,0,1
White,3.360125471508634,1451,4,0,1
Black,2.5540268731218743,1320,1,0,0
White,3.0705621499805895,1302,4,0,1
Black,2.98396178173727,1180,2,0,0
Hispanic,2.9461316805120363,1379,1,0,1
White,2.582244072828721,1303,2,0,0
White,3.3190288479375347,1458,1,0,1
White,3.6602577896121216,1464,3,0,1
White,3.2976571289973964,1450,0,0,1
White,2.835643076758734,1376,0,0,1
White,3.644118276768527,1337,1,0,1
Hispanic,2.9183781486926117,1363,2,0,1
White,3.1524128741491233,1426,2,0,1
White,3.5015286532499585,1452,3,1,1
White,3.2213826016806406,1246,2,0,1
White,3.0955696739532517,1392,1,0,1
White,3.1958881584844048,1436,3,0,1
White,3.158667620584734,1241,3,0,1
Black,3.028309868430196,1305,2,0,1
White,3.6009344792192053,1415,0,0,1
White,3.1327122660301434,1231,2,0,1
White,2.9778599312425937,1437,3,0,1
White,3.1040168900697194,1301,1,0,1
White,3.6121374901191396,1600,2,0,1
Hispanic,2.9593726099032107,1400,4,0,1
White,3.3027213147854995,1310,1,0,1
White,3.457246170944028,1556,1,0,1
Black,3.0432806673949115,1182,3,0,0
Asian,2.9619505418169534,1230,2,0,1
White,2.9102317105637225,1247,4,0,1
White,3.106587365547164,1293,0,0,1
White,3.219494809584428,1385,2,0,1
White,3.674347448680973,1449,2,0,1
White,3.1843834073660866,1271,0,0,1
Black,3.583916903235055,1506,3,0,1
White,3.3780370757694325,1464,4,0,1
White,3.017993256783592,1351,1,0,1
White,3.5278928413932684,1530,0,0,1
White,3.005196417112657,1424,1,0,1
White,3.263015515699229,1307,1,0,1
Asian,3.2860575705125763,1359,0,0,1
White,3.2121827726547365,1504,1,1,1
Black,3.058204745456011,1339,1,0,1
White,3.743177360202036,1519,0,0,1
White,3.47739088933654,1355,2,0,1
White,3.5750265663930274,1306,1,0,1
White,2.776716745131944,1308,2,0,1
Asian,3.458534478786092,1512,1,0,1
White,3.1093160347583955,1431,1,0,1
White,3.490605193130609,1471,1,0,1
Hispanic,4.0,1579,2,0,1
White,3.2452391069926314,1347,3,0,1
White,3.2316441160261142,1496,3,0,1
Hispanic,2.554811231470826,1099,4,0,0
White,3.7183679735947788,1600,3,0,1
Black,2.675348233919996,1222,1,0,0
White,2.6539443459251895,1269,1,0,0
White,3.4557603414118345,1345,4,0,1
Hispanic,2.70967303345847,1108,7,1,1
White,3.526769917258718,1417,2,0,1
White,2.82452614031052,1182,0,0,0
Black,3.1068010929635856,1332,3,0,1
Hispanic,3.7426344812186967,1585,3,1,1
White,3.2595345089560412,1487,2,0,1
Hispanic,2.813982764076833,1118,4,0,1
White,3.5160557665925802,1352,1,0,1
Black,2.8008319219328337,1040,4,0,1
White,3.646021622182927,1465,1,0,1
